ID,SOURCE_ID,DATE_CREATE,DATE_MODIFY,ASSIGNED_BY_ID,COMMENTS,STAGE_ID,OPPORTUNITY
1000,21|DEMO_CHATS_WHATSAPP,2024-05-04T08:47:00+03:00,2024-05-04T08:47:00+03:00,102,думает,C15:NEW,0.0
1001,WZ1a2b3c4d,2024-05-22T19:57:00+03:00,2024-05-24T16:57:00+03:00,104,,C15:PREPARATION,0.0
1002,WZ1a2b3c4d,2024-05-03T11:14:00+03:00,2024-05-16T08:14:00+03:00,101,интересует наличие,C15:PREPARATION,0.0
1003,WZ1a2b3c4d,2024-05-23T18:44:00+03:00,2024-06-01T17:44:00+03:00,102,перезвонить,C15:PREPARATION,0.0
1004,21|DEMO_CHATS_WHATSAPP,2024-05-09T20:55:00+03:00,2024-05-13T06:55:00+03:00,104,,C15:NEW,0.0
1005,WZ9f8e7d6c,2024-05-05T11:48:00+03:00,2024-05-05T11:48:00+03:00,104,,C15:NEW,0.0
1006,WZ9f8e7d6c,2024-05-28T13:38:00+03:00,2024-06-13T03:38:00+03:00,104,интересует наличие,C15:NEW,0.0
1007,WZ1a2b3c4d,2024-05-13T09:35:00+03:00,2024-05-26T14:35:00+03:00,103,интересует наличие,C15:NEW,0.0
1008,WZ1a2b3c4d,2024-05-23T09:02:00+03:00,2024-05-25T02:02:00+03:00,102,уточнить условия,C15:NEW,0.0
1009,WZ1a2b3c4d,2024-05-13T12:29:00+03:00,2024-05-13T12:29:00+03:00,103,,C15:NEW,0.0
1010,21|DEMO_CHATS_WHATSAPP,2024-05-09T19:59:00+03:00,2024-05-13T11:59:00+03:00,102,,C15:NEW,0.0
1011,WZ9f8e7d6c,2024-05-13T12:59:00+03:00,2024-05-18T05:59:00+03:00,103,уточнить условия,C15:PREPARATION,0.0
1012,WZ1a2b3c4d,2024-05-08T08:51:00+03:00,2024-05-08T08:51:00+03:00,101,,C15:NEW,0.0
1013,21|DEMO_CHATS_WHATSAPP,2024-05-23T13:13:00+03:00,2024-06-01T00:13:00+03:00,104,,C15:LOSE,0.0
1014,WZ9f8e7d6c,2024-05-05T11:47:00+03:00,2024-05-16T23:47:00+03:00,103,думает,C15:PREPARATION,0.0
1015,21|DEMO_CHATS_WHATSAPP,2024-05-14T17:25:00+03:00,2024-05-14T17:25:00+03:00,102,интересует наличие,C15:NEW,0.0
1016,WZ9f8e7d6c,2024-05-03T20:03:00+03:00,2024-05-03T20:03:00+03:00,102,уточнить условия,C15:NEW,0.0
1017,21|DEMO_CHATS_WHATSAPP,2024-05-14T17:04:00+03:00,2024-05-22T21:04:00+03:00,103,интересует наличие,C15:WON,2606224.5
1018,WZ1a2b3c4d,2024-05-22T19:07:00+03:00,2024-06-07T20:07:00+03:00,103,уточнить условия,C15:PREPARATION,0.0
1019,21|DEMO_CHATS_WHATSAPP,2024-05-11T09:18:00+03:00,2024-05-14T18:18:00+03:00,103,интересует наличие,C15:WON,4792171.67
1020,WZ1a2b3c4d,2024-05-17T09:55:00+03:00,2024-05-28T05:55:00+03:00,102,,C15:NEW,0.0
1021,WZ9f8e7d6c,2024-05-25T10:34:00+03:00,2024-05-25T11:34:00+03:00,103,перезвонить,C15:PREPARATION,0.0
1022,WZ1a2b3c4d,2024-05-04T13:56:00+03:00,2024-05-04T13:56:00+03:00,102,интересует наличие,C15:NEW,0.0
1023,WZ1a2b3c4d,2024-05-03T19:31:00+03:00,2024-05-15T04:31:00+03:00,102,,C15:NEW,0.0
1024,RC_GENERATOR,2024-04-18T10:00:00+03:00,2024-04-29T17:00:00+03:00,104,,LOSE,0.0
1025,RECOMMENDATION,2024-02-23T12:00:00+03:00,2024-03-08T20:00:00+03:00,103,перезвонить,C15:PREPARATION,0.0
1026,RECOMMENDATION,2024-04-04T11:00:00+03:00,2024-04-05T20:00:00+03:00,102,интересует наличие,WON,3147389.23
1027,CALLBACK,2024-01-03T19:00:00+03:00,2024-01-08T17:00:00+03:00,101,,NEW,0.0
1028,WZ1a2b3c4d,2024-03-03T16:00:00+03:00,2024-03-09T15:00:00+03:00,102,думает,WON,1464065.63
1029,RECOMMENDATION,2024-04-08T20:00:00+03:00,2024-04-17T13:00:00+03:00,104,,C15:WON,936188.66
1030,WEBFORM,2024-04-15T19:00:00+03:00,2024-04-30T04:00:00+03:00,101,,NEW,0.0
1031,WEBFORM,2024-03-26T09:00:00+03:00,2024-03-30T12:00:00+03:00,104,,WON,2518760.97
1032,WEB,2024-04-08T09:00:00+03:00,2024-04-20T03:00:00+03:00,101,,C15:WON,3434652.02
1033,WZ1a2b3c4d,2024-02-06T14:00:00+03:00,2024-02-16T21:00:00+03:00,101,,C15:WON,2304681.32
1034,WEBFORM,2024-01-13T12:00:00+03:00,2024-01-19T15:00:00+03:00,104,,C15:WON,4807929.38
1035,CALLBACK,2024-03-07T08:00:00+03:00,2024-03-08T16:00:00+03:00,103,,C15:LOSE,0.0
1036,CALL,2024-04-17T16:00:00+03:00,2024-04-18T22:00:00+03:00,101,уточнить условия,EXECUTING,0.0
1037,CALLBACK,2024-01-20T09:00:00+03:00,2024-01-29T00:00:00+03:00,102,интересует наличие,WON,4506292.91
1038,RECOMMENDATION,2024-01-20T09:00:00+03:00,2024-02-03T10:00:00+03:00,103,,C15:PREPARATION,0.0
1039,CALLBACK,2024-03-08T12:00:00+03:00,2024-03-11T08:00:00+03:00,103,перезвонить,C15:PREPARATION,0.0
1040,WEB,2024-01-01T15:00:00+03:00,2024-01-03T05:00:00+03:00,102,интересует наличие,PREPARATION,0.0
1041,WEB,2024-02-12T09:00:00+03:00,2024-02-20T07:00:00+03:00,103,интересует наличие,WON,2471830.58
1042,WZ1a2b3c4d,2024-01-22T16:00:00+03:00,2024-02-05T20:00:00+03:00,101,,LOSE,0.0
1043,WEB,2024-01-04T19:00:00+03:00,2024-01-08T03:00:00+03:00,103,,C15:LOSE,0.0
1044,RECOMMENDATION,2024-02-23T13:00:00+03:00,2024-03-09T05:00:00+03:00,104,,WON,1687927.56
